epoch,train_loss,train_acc,test_loss,test_acc
1,0.04565518223311131,98.66666666666667,0.0176755492342636,99.41
