{
  "epoch": [
    1
  ],
  "train_loss": [
    0.04565518223311131
  ],
  "train_acc": [
    98.66666666666667
  ],
  "test_loss": [
    0.0176755492342636
  ],
  "test_acc": [
    99.41
  ]
}