epoch,train_loss,train_acc,test_loss,test_acc
1,0.2465855459233125,92.66,0.047729456517845395,98.36
2,0.1132226506203413,96.65166666666667,0.029723636945709585,98.98
3,0.08645681268324455,97.48833333333333,0.025725803116802125,99.1
4,0.07392500839605927,97.87,0.027175033767707645,99.17
5,0.06892684691138566,97.98,0.02162795774638653,99.31
