{
  "epoch": [
    1,
    2,
    3,
    4,
    5
  ],
  "train_loss": [
    0.2465855459233125,
    0.1132226506203413,
    0.08645681268324455,
    0.07392500839605927,
    0.06892684691138566
  ],
  "train_acc": [
    92.66,
    96.65166666666667,
    97.48833333333333,
    97.87,
    97.98
  ],
  "test_loss": [
    0.047729456517845395,
    0.029723636945709585,
    0.025725803116802125,
    0.027175033767707645,
    0.02162795774638653
  ],
  "test_acc": [
    98.36,
    98.98,
    99.1,
    99.17,
    99.31
  ]
}