{
  "epoch": [
    1,
    2,
    3,
    4,
    5,
    6,
    7,
    8,
    9,
    10,
    11,
    12,
    13,
    14,
    15,
    16,
    17,
    18,
    19,
    20
  ],
  "train_loss": [
    0.04229267509874577,
    0.03740218216534704,
    0.03539294133315173,
    0.031254773636278696,
    0.03098733664912482,
    0.02957874567609591,
    0.028758515338304765,
    0.021861161241889932,
    0.01834067985932731,
    0.017527865247715574,
    0.01680969536814373,
    0.01489644181340894,
    0.013899291525703544,
    0.012041007182979957,
    0.011004088951735564,
    0.010355216916414793,
    0.009674195067048034,
    0.010013837836459667,
    0.00996540917026432,
    0.008418082977773278
  ],
  "train_acc": [
    98.815,
    98.91333333333333,
    98.935,
    99.085,
    99.08166666666666,
    99.12,
    99.11666666666666,
    99.33166666666666,
    99.42833333333333,
    99.45833333333333,
    99.455,
    99.53333333333333,
    99.57666666666667,
    99.63,
    99.635,
    99.665,
    99.69333333333333,
    99.7,
    99.68666666666667,
    99.72666666666667
  ],
  "test_loss": [
    0.019684727664571255,
    0.018221074691973628,
    0.01959634101949632,
    0.015935026897932403,
    0.017256009099946824,
    0.015696579650102647,
    0.018309270328609274,
    0.013169644022127613,
    0.01566898450255394,
    0.014169529260834679,
    0.014813034682265424,
    0.01272260456753429,
    0.014024359029735933,
    0.014535397056170041,
    0.013767085753988795,
    0.014386639037365968,
    0.014117213400913898,
    0.013975849155031028,
    0.014129207189762382,
    0.014880032755081629
  ],
  "test_acc": [
    99.37,
    99.47,
    99.39,
    99.55,
    99.55,
    99.55,
    99.46,
    99.62,
    99.56,
    99.6,
    99.57,
    99.62,
    99.62,
    99.6,
    99.66,
    99.67,
    99.66,
    99.68,
    99.66,
    99.65
  ]
}