{
  "epoch": [
    1,
    2,
    3,
    4,
    5,
    6,
    7,
    8,
    9,
    10,
    11,
    12,
    13,
    14,
    15,
    16,
    17,
    18,
    19,
    20,
    21,
    22,
    23,
    24,
    25,
    26,
    27,
    28,
    29,
    30
  ],
  "train_loss": [
    0.15875187937219937,
    0.054260907864073914,
    0.03866865793714921,
    0.03140268766678249,
    0.025750396701615923,
    0.02105285072652623,
    0.01784347915208588,
    0.014875385745812673,
    0.013357380177410475,
    0.01128693251433821,
    0.011962876381374856,
    0.009889657212082239,
    0.007608475797842463,
    0.008667977352141861,
    0.008785372881756182,
    0.006954365304882822,
    0.007971948850344756,
    0.007529799039548455,
    0.006930597722831878,
    0.005721061151409185,
    0.006382063566920882,
    0.005551514684007596,
    0.0058267131987389574,
    0.005568460511528509,
    0.0047680578373477745,
    0.006170681290489017,
    0.0043134920219285566,
    0.004452051617129884,
    0.005498838319408641,
    0.0046686808485105645
  ],
  "train_acc": [
    95.08666666666667,
    98.31166666666667,
    98.81333333333333,
    98.99166666666666,
    99.165,
    99.31,
    99.40666666666667,
    99.47,
    99.565,
    99.60333333333334,
    99.60166666666667,
    99.65,
    99.73833333333333,
    99.71333333333334,
    99.715,
    99.76,
    99.72666666666667,
    99.76333333333334,
    99.765,
    99.80666666666667,
    99.78,
    99.83333333333333,
    99.81666666666666,
    99.81166666666667,
    99.845,
    99.81,
    99.86,
    99.84666666666666,
    99.835,
    99.84333333333333
  ],
  "test_loss": [
    0.037597876694053414,
    0.03369243666529655,
    0.030462749302387238,
    0.029053294099867344,
    0.023171997023746373,
    0.02869724651100114,
    0.026163529185578228,
    0.02995836010668427,
    0.02774086962454021,
    0.026850681519135833,
    0.0249967880663462,
    0.03141915309242904,
    0.031217111507430673,
    0.029785692342557013,
    0.028553867852315305,
    0.040250339230988176,
    0.037312207040668,
    0.03300180342048407,
    0.0357781270333362,
    0.03718350440649374,
    0.03924296676486847,
    0.037569814891321586,
    0.042064113848982745,
    0.04132861294783652,
    0.03652555616572499,
    0.034977362607605755,
    0.04402268286794424,
    0.048544685309752825,
    0.03544492203000118,
    0.03937458269065246
  ],
  "test_acc": [
    98.6,
    98.93,
    99.0,
    98.97,
    99.26,
    99.22,
    99.22,
    99.19,
    99.23,
    99.29,
    99.35,
    99.19,
    99.29,
    99.26,
    99.35,
    99.07,
    99.24,
    99.26,
    99.38,
    99.35,
    99.28,
    99.29,
    99.32,
    99.23,
    99.31,
    99.24,
    99.38,
    99.28,
    99.35,
    99.37
  ]
}